Workbook
Name TotalRev: [1]Calculation!$L$5
Name Slicer_Year1: #REF!
Name Slicer_Region: #REF!
Name Slicer_Category: #REF!

Sheet Final view - KPI
P4: Nümunə

Sheet Data
A1: Year | B1: Category | C1: Region | D1: Revenue | G1: Category | H1: Region
A2: 2019 | B2: Furniture | C2: North America | D2: 40000 | G2: Furniture | H2: North America
A3: 2019 | B3: Furniture | C3: South America | D3: 20898 | G3: Office Supplies | H3: South America
A4: 2019 | B4: Furniture | C4: Asia | D4: 46994 | G4: Technology | H4: Asia
A5: 2019 | B5: Furniture | C5: Europe | D5: 43695 | H5: Europe
A6: 2019 | B6: Furniture | C6: Australia | D6: 34196 | H6: Australia
A7: 2019 | B7: Office Supplies | C7: North America | D7: 34155
A8: 2019 | B8: Office Supplies | C8: South America | D8: 24396
A9: 2019 | B9: Office Supplies | C9: Asia | D9: 29276
A10: 2019 | B10: Office Supplies | C10: Europe | D10: 45540
A11: 2019 | B11: Office Supplies | C11: Australia | D11: 29277
A12: 2019 | B12: Technology | C12: North America | D12: 44675
A13: 2019 | B13: Technology | C13: South America | D13: 42569
A14: 2019 | B14: Technology | C14: Asia | D14: 43784
A15: 2019 | B15: Technology | C15: Europe | D15: 46336
A16: 2019 | B16: Technology | C16: Australia | D16: 49656
A17: 2020 | B17: Furniture | C17: North America | D17: 24325
A18: 2020 | B18: Furniture | C18: South America | D18: 33681
... A31: 2020 | B31: Technology | C31: Australia | D31: 19998

Sheet Sheet1
A3: Region | B3: Revenue | D3: =A3 -> Region | E3: =B3 -> Revenue | F3: Max | G3: Average
A4: Asia | B4: 19989 | D4: =A4 -> Asia | E4: =B4 -> 19989 | F4: =IF(MAX($E$4:$E$8)=E4,E4,0) -> 0 | G4: =AVERAGE($E$4:$E$8) -> 39978.8
A5: Australia | B5: 19998 | D5: =A5 -> Australia | E5: =B5 -> 19998 | F5: =IF(MAX($E$4:$E$8)=E5,E5,0) -> 0 | G5: =AVERAGE($E$4:$E$8) -> 39978.8
A6: Europe | B6: 39979 | D6: =A6 -> Europe | E6: =B6 -> 39979 | F6: =IF(MAX($E$4:$E$8)=E6,E6,0) -> 0 | G6: =AVERAGE($E$4:$E$8) -> 39978.8
A7: North America | B7: 53963 | D7: =A7 -> North America | E7: =B7 -> 53963 | F7: =IF(MAX($E$4:$E$8)=E7,E7,0) -> 0 | G7: =AVERAGE($E$4:$E$8) -> 39978.8
A8: South America | B8: 65965 | D8: =A8 -> South America | E8: =B8 -> 65965 | F8: =IF(MAX($E$4:$E$8)=E8,E8,0) -> 65965 | G8: =AVERAGE($E$4:$E$8) -> 39978.8
A22: Row Labels | B22: Sum of Revenue
A23: Furniture | B23: 187117
A24: Office Supplies | B24: 159774
A25: Technology | B25: 199894
A26: Grand Total | B26: 546785
A29: Sum of Revenue | B29: Column Labels
A30: Row Labels | B30: 2019 | C30: 2020
A31: Furniture | B31: 151587 | C31: 157179
A32: Office Supplies | B32: 133367 | C32: 148176
A33: Technology | B33: 177364 | C33: 179896
A34: Grand Total | B34: 462318 | C34: 485251

Sheet Dashboard
O19: Category | P19: =Sheet1!B30 -> 2019 | Q19: =Sheet1!C30 -> 2020 | R19: Change %
O20: =Sheet1!A31 -> Furniture | P20: =Sheet1!B31 -> 151587 | Q20: =Sheet1!C31 -> 157179 | R20: =(Q20-P20)/P20 -> 0.036889707
O21: =Sheet1!A32 -> Office Supplies | P21: =Sheet1!B32 -> 133367 | Q21: =Sheet1!C32 -> 148176 | R21: =(Q21-P21)/P21 -> 0.11103946
O22: =Sheet1!A33 -> Technology | P22: =Sheet1!B33 -> 177364 | Q22: =Sheet1!C33 -> 179896 | R22: =(Q22-P22)/P22 -> 0.014275727
O23: =Sheet1!A34 -> Grand Total | P23: =Sheet1!B34 -> 462318 | Q23: =Sheet1!C34 -> 485251 | R23: =(Q23-P23)/P23 -> 0.049604385
